{
  "results": [
    {
      "command": "~/data/bsc/libelektra/cmake-build-relwithdebinfo/bin/benchmark_plugingetset . dir/tests/bench quickdump",
      "mean": 13.2104456464,
      "stddev": 0.11850950374511532,
      "user": 8.523767264999998,
      "system": 1.25484174,
      "min": 12.96552054724,
      "max": 13.482696719240002,
      "times": [
        13.19446559124,
        13.245750625240001,
        13.226927077240001,
        13.223226376240001,
        13.06166009824,
        13.02860806524,
        13.281276508240001,
        13.124338850240001,
        13.159605180240002,
        13.27507941924,
        13.373771816240001,
        13.118474174240001,
        13.258656404240002,
        13.14084984824,
        12.96552054724,
        13.482696719240002,
        13.136716579240002,
        13.19551906224,
        13.18534296224,
        13.333982391240001,
        13.216303833240001,
        13.205593673240001,
        13.456379317240001,
        13.207086354240001,
        13.163309686240002
      ]
    }
  ]
}
