{
  "results": [
    {
      "command": "~/data/bsc/libelektra/cmake-build-relwithdebinfo/bin/benchmark_plugingetset . dir/tests/bench quickdump get",
      "mean": 0.6413361621600001,
      "stddev": 0.00819618819614246,
      "user": 0.5716320349999998,
      "system": 0.06754022999999999,
      "min": 0.6302271144,
      "max": 0.6649662544,
      "times": [
        0.6468657484,
        0.6434966924,
        0.6380323564,
        0.6467186654,
        0.6302271144,
        0.6378050554,
        0.6407903964,
        0.6425539704,
        0.6343911324,
        0.6458178974,
        0.6468029634,
        0.6314862294,
        0.6333526824,
        0.6649662544,
        0.6357672734,
        0.6324150424,
        0.6445945394,
        0.6543608954,
        0.6482728394,
        0.6408751344,
        0.6325732584,
        0.6347619084,
        0.6511123674,
        0.6382490464,
        0.6371145904
      ]
    }
  ]
}
