{
  "results": [
    {
      "command": "~/data/bsc/libelektra/cmake-build-relwithdebinfo/bin/benchmark_plugingetset . dir/tests/bench quickdump",
      "mean": 0.0012728647986046508,
      "stddev": 0.0035031875418498754,
      "user": 0.00047710825581395304,
      "system": 0.0010308525581395349,
      "min": 0.00063116938,
      "max": 0.03327227538,
      "times": [
        0.03327227538,
        0.0012290143800000003,
        0.0009617543800000002,
        0.0011463603800000001,
        0.00099291238,
        0.0007752783800000001,
        0.00100547838,
        0.0008038043800000002,
        0.0010091033800000001,
        0.00159737638,
        0.00097357238,
        0.0010289523799999999,
        0.0008099953800000002,
        0.0008028953799999999,
        0.0009256373800000002,
        0.0007109363799999999,
        0.0008143483800000001,
        0.00113499438,
        0.00080172838,
        0.0021188143800000003,
        0.00081579038,
        0.00073522238,
        0.0006465223799999999,
        0.0007374243800000002,
        0.0007458703799999998,
        0.00071640138,
        0.0007426593799999999,
        0.0009494663800000002,
        0.00063116938,
        0.0009478053800000001,
        0.0006730953800000001,
        0.0009218363799999999,
        0.0007591043800000002,
        0.00213216838,
        0.0014554283800000001,
        0.00084651238,
        0.00210373038,
        0.0009062913800000003,
        0.0007423753800000002,
        0.0007127853799999999,
        0.0007300543800000002,
        0.0007298983799999999,
        0.0007010263800000002,
        0.00073983638,
        0.00064175238,
        0.00075845238,
        0.0006957483800000002,
        0.00101766738,
        0.00100814038,
        0.0007642883799999999,
        0.0009459173799999999,
        0.0008198023799999999,
        0.00073376738,
        0.0008127703800000002,
        0.0007941423800000001,
        0.0009800463800000003,
        0.00086252638,
        0.0008610743800000001,
        0.0007069443799999999,
        0.0009115953800000001,
        0.0008792493800000001,
        0.0009727663800000001,
        0.00084536538,
        0.0008498973799999998,
        0.0007198843799999998,
        0.0008138313799999999,
        0.0006962403800000001,
        0.0008770303800000002,
        0.0007608413800000002,
        0.0007555003799999999,
        0.0007056903799999999,
        0.0008221283799999999,
        0.0012081263800000001,
        0.0012277883800000003,
        0.0007849793800000001,
        0.0008738653799999999,
        0.0007506293799999998,
        0.0008317123799999999,
        0.0007146303800000002,
        0.0006885893800000001,
        0.0007125933799999999,
        0.0007161743800000002,
        0.0006655413800000002,
        0.00098252938,
        0.0006389483800000001,
        0.00091949538
      ]
    }
  ]
}
