{
  "results": [
    {
      "command": "~/data/bsc/libelektra/cmake-build-relwithdebinfo/bin/benchmark_plugingetset . dir/tests/bench quickdump",
      "mean": 0.011193670162758627,
      "stddev": 0.0021121852320947097,
      "user": 0.008946186724137929,
      "system": 0.0019948625,
      "min": 0.01028572418,
      "max": 0.03564478118,
      "times": [
        0.011592885180000002,
        0.026891350180000002,
        0.03564478118,
        0.011414713180000001,
        0.01359748718,
        0.012805203180000002,
        0.011915385180000002,
        0.01121042618,
        0.01117615018,
        0.011517808180000002,
        0.01121337418,
        0.010942981180000002,
        0.010723671180000002,
        0.01183528918,
        0.01130202118,
        0.010637449180000001,
        0.01066206418,
        0.010812147180000002,
        0.01061820418,
        0.010957417180000002,
        0.01101884718,
        0.010615953180000002,
        0.01210628918,
        0.010878228180000001,
        0.01049044318,
        0.010507141180000002,
        0.01061881218,
        0.01051908218,
        0.010609811180000001,
        0.01088312918,
        0.011943793180000002,
        0.011184565180000001,
        0.010895350179999999,
        0.01069919218,
        0.01075212918,
        0.010745487179999999,
        0.01074108918,
        0.010421315180000001,
        0.01055057618,
        0.010740056179999999,
        0.010838620180000001,
        0.010765238180000001,
        0.010497110180000001,
        0.01035777118,
        0.01056679218,
        0.010636537179999999,
        0.010557479179999999,
        0.01174609418,
        0.011259892180000002,
        0.010753643180000001,
        0.01072310118,
        0.01049639518,
        0.011007638180000001,
        0.010947537180000001,
        0.010547692180000002,
        0.011015534180000001,
        0.01102064518,
        0.010588462180000001,
        0.01063523618,
        0.010826075180000002,
        0.010634193180000001,
        0.01043288618,
        0.010594558180000001,
        0.010609699180000001,
        0.010984526179999999,
        0.011372393179999999,
        0.01126750918,
        0.010702988180000001,
        0.01068356418,
        0.010688506180000001,
        0.01096793918,
        0.010627863179999999,
        0.010872415180000001,
        0.010516081180000001,
        0.01043328818,
        0.01071697218,
        0.010825173180000001,
        0.010838394179999999,
        0.01049706018,
        0.01046611418,
        0.01063921718,
        0.01274243818,
        0.010932930180000001,
        0.010961946180000001,
        0.010559016180000002,
        0.01060959018,
        0.01055170918,
        0.01107602818,
        0.01089944918,
        0.012239539180000002,
        0.01141563218,
        0.01082118018,
        0.010491474180000002,
        0.010925546179999999,
        0.010561540179999999,
        0.01039243918,
        0.01037097818,
        0.010456026180000001,
        0.012762141180000002,
        0.01113408318,
        0.01096507918,
        0.010753957179999999,
        0.01064417318,
        0.010529994180000002,
        0.01056984218,
        0.010680080179999999,
        0.01120107218,
        0.010625901180000001,
        0.010834830180000001,
        0.01081131518,
        0.01078033318,
        0.01271627618,
        0.010887239180000001,
        0.010655358180000001,
        0.01050927918,
        0.01107016618,
        0.010818087180000002,
        0.01106695718,
        0.010791478180000001,
        0.01075891718,
        0.01029868918,
        0.01090737718,
        0.010604775180000001,
        0.01315635918,
        0.011758395179999999,
        0.01093788318,
        0.01098456318,
        0.01057723318,
        0.011012252180000001,
        0.010706381180000002,
        0.01088721418,
        0.01125806118,
        0.010580457179999999,
        0.01050710518,
        0.01054329418,
        0.01055347118,
        0.010676475179999999,
        0.01053944418,
        0.01048193218,
        0.01043396618,
        0.01136845718,
        0.01382600618,
        0.01077911518,
        0.010756265180000002,
        0.01048323118,
        0.010394481180000002,
        0.010514116180000001,
        0.01090447718,
        0.011385203180000001,
        0.01161547618,
        0.010995166180000002,
        0.010922006179999999,
        0.01127831218,
        0.01060053118,
        0.010667881180000002,
        0.01092862818,
        0.01092488618,
        0.011803838180000002,
        0.01124857018,
        0.011166154180000002,
        0.010742964180000002,
        0.010582114180000001,
        0.01066139718,
        0.01060555518,
        0.01050484318,
        0.011478162180000001,
        0.01168232818,
        0.01150142418,
        0.01096993818,
        0.01687045618,
        0.011606298180000002,
        0.018883788180000003,
        0.01229565018,
        0.011267169180000002,
        0.010852552179999999,
        0.010660671180000001,
        0.01063916518,
        0.01231442018,
        0.010495740180000001,
        0.01036456518,
        0.012415841180000001,
        0.011814607179999999,
        0.01104883018,
        0.01082381818,
        0.01050518018,
        0.01048775818,
        0.010406155180000001,
        0.01028572418,
        0.01116390918,
        0.011050619180000002,
        0.011365822180000002,
        0.01133008218,
        0.01134458918,
        0.01074482018,
        0.01060571318,
        0.010699284180000001,
        0.01063314218,
        0.011164097179999999,
        0.010590932180000002,
        0.010469096180000002,
        0.01095408518,
        0.010812973180000001,
        0.01059974818,
        0.010792506180000001,
        0.01062251518,
        0.011637806180000002,
        0.011111512180000001,
        0.010420557180000001,
        0.010575575180000001,
        0.01049264518,
        0.01034546418,
        0.012385426179999999,
        0.01069469318,
        0.010626690179999999,
        0.011416860180000002,
        0.01126549018,
        0.010905396179999999,
        0.01088945518,
        0.010756155180000001,
        0.010490657180000001,
        0.010462908180000001,
        0.01062880418,
        0.010406392180000001,
        0.013577683180000001,
        0.011168652180000002,
        0.01085394618,
        0.010562239180000002,
        0.010493558180000001,
        0.010408779180000001,
        0.010555469179999999,
        0.010740783180000001,
        0.01225373518
      ]
    }
  ]
}
