{
  "results": [
    {
      "command": "~/data/bsc/libelektra/cmake-build-relwithdebinfo/bin/benchmark_plugingetset . dir/tests/bench quickdump get",
      "mean": 0.007219736237296925,
      "stddev": 0.0005477423346023373,
      "user": 0.006079634537815123,
      "system": 0.0011482957983193283,
      "min": 0.006802992495000002,
      "max": 0.011643345495000002,
      "times": [
        0.007128585495000001,
        0.007161759495000001,
        0.007140446495000001,
        0.009485057495000001,
        0.007352122495000002,
        0.007151496495000001,
        0.007078654495000001,
        0.009520109495000002,
        0.007114504495000002,
        0.006946513495000001,
        0.007188105495000001,
        0.007244868495000001,
        0.007090000495000002,
        0.007246601495000001,
        0.006974951495000001,
        0.007064852495000001,
        0.007078663495000002,
        0.007067471495000002,
        0.006948339495000001,
        0.0070887784950000015,
        0.007053541495000001,
        0.007179646495000001,
        0.007130363495000002,
        0.006997173495000002,
        0.0070146464950000004,
        0.007209940495000001,
        0.007342514495000001,
        0.007122387495000002,
        0.007220845495000001,
        0.006893952495000001,
        0.007280718495000001,
        0.006978389495000001,
        0.007078579495000001,
        0.007153349495000001,
        0.007147027495000001,
        0.0070193374950000016,
        0.007050832495000001,
        0.007216243495000002,
        0.006938107495000002,
        0.006986078495000001,
        0.007101237495000001,
        0.006954370495000001,
        0.007151088495000001,
        0.007198871495000002,
        0.007100138495000002,
        0.007042000495000001,
        0.008588777495000002,
        0.011643345495000002,
        0.0076057984950000015,
        0.007655778495000001,
        0.008014514495000001,
        0.007574322495000001,
        0.010346093495000002,
        0.007534692495000002,
        0.007906736495000002,
        0.007410396495000001,
        0.007283821495,
        0.007042679495000001,
        0.007301521495000001,
        0.007153743495000002,
        0.0073492724950000015,
        0.007322373495000001,
        0.006939372495000002,
        0.006876926495000001,
        0.006995434495000001,
        0.006851854495000002,
        0.0071413834950000005,
        0.007147042495000002,
        0.007095503495000001,
        0.006839850495000001,
        0.006963914495000001,
        0.007009277495000001,
        0.0069469964950000015,
        0.006928742495000001,
        0.0071774154950000005,
        0.007105839495000002,
        0.006954551495000001,
        0.007000020495000002,
        0.006860647495000002,
        0.006913165495000002,
        0.006987661495000002,
        0.006983147495000001,
        0.007320104495000002,
        0.006998780495000001,
        0.006999631495000002,
        0.007029284495000001,
        0.007039421495000002,
        0.0069272814950000015,
        0.007008360495000001,
        0.006994234495000001,
        0.007476911495000002,
        0.007147370495000001,
        0.007172383495000002,
        0.0074202114950000005,
        0.007337477495000001,
        0.007097073495000002,
        0.0071147554950000014,
        0.007710028495000002,
        0.0072552044950000005,
        0.007119752495000001,
        0.0070186784950000015,
        0.006928483495000002,
        0.006943266495000001,
        0.007084635495000002,
        0.007214048495000002,
        0.007049253495000001,
        0.007254494495000001,
        0.007124738495000001,
        0.009294567495000001,
        0.007197096495000001,
        0.007055112495000002,
        0.007156967495000001,
        0.0071078824950000005,
        0.006980943495000001,
        0.007427701495000001,
        0.009087592495000001,
        0.0072497104950000005,
        0.007333580495000002,
        0.006964836495000001,
        0.007082280495000001,
        0.007292131495000001,
        0.0071151824950000005,
        0.007098148495000001,
        0.007397999495000002,
        0.007095931495000001,
        0.006980086495000001,
        0.007067259495,
        0.007615624495000001,
        0.007578410495000002,
        0.007258517495000002,
        0.007181140495000002,
        0.007321805495000002,
        0.007099759495000002,
        0.007029960495000001,
        0.0068503164950000014,
        0.006931533495000001,
        0.0073472324950000015,
        0.006821440495000001,
        0.007534018495000001,
        0.007316187495000001,
        0.007243788495000002,
        0.0070492924950000015,
        0.0072044814950000015,
        0.006911520495000002,
        0.007069046495000002,
        0.006915521495000002,
        0.0073635824950000015,
        0.007357654495000001,
        0.007022829495000001,
        0.006889783495000001,
        0.007120339495000001,
        0.007068761495000001,
        0.006952588495000002,
        0.007002156495000002,
        0.007577064495000001,
        0.007250340495000002,
        0.0071520484950000004,
        0.006923212495000001,
        0.006938004495,
        0.006868112495000002,
        0.007016198495000001,
        0.007028075495000001,
        0.007202035495000002,
        0.007127631495000002,
        0.007015009495000002,
        0.006909355495000002,
        0.007022595495000001,
        0.006940600495000001,
        0.006965658495000001,
        0.007057445495000002,
        0.007241196495000001,
        0.0071887494950000005,
        0.006970515495000001,
        0.0068953424950000015,
        0.007187890495000002,
        0.006961613495000001,
        0.0070215114950000004,
        0.006948960495000002,
        0.007256512495000001,
        0.007108669495000001,
        0.007153860495000001,
        0.006973758495000001,
        0.006884296495000001,
        0.006936868495000002,
        0.0070772104950000015,
        0.006921831495000001,
        0.009482899495,
        0.007280969495000001,
        0.007093147495000002,
        0.007016292495000001,
        0.006802992495000002,
        0.0068984964950000015,
        0.007048418495000002,
        0.006925064495000001,
        0.007159577495000001,
        0.006989017495000001,
        0.0071797304950000015,
        0.007061001495000002,
        0.006913401495000001,
        0.006864610495000001,
        0.006834110495000002,
        0.007032890495000001,
        0.007303676495000001,
        0.007044083495000001,
        0.007207923495000001,
        0.007125939495000001,
        0.006919989495000001,
        0.006903019495000001,
        0.006945310495000001,
        0.007111080495000002,
        0.007187117495000001,
        0.006952622495000001,
        0.009227313495000002,
        0.007313874495000001,
        0.0073423284950000015,
        0.007479690495000002,
        0.007399714495000001,
        0.007368599495000001,
        0.0072204624950000015,
        0.007209107495000002,
        0.0070483234950000015,
        0.007139535495000002,
        0.007021726495000002,
        0.007050321495000001,
        0.007227098495000001,
        0.006973356495000001,
        0.0071049194950000005,
        0.007241140495000001,
        0.007123516495000001,
        0.0068785574950000015,
        0.006985877495000001,
        0.0069728514950000015,
        0.006914958495000002,
        0.0070386274950000015,
        0.007053452495000001,
        0.007150060495000001,
        0.007154402495000002,
        0.007104336495000002,
        0.006868300495000002,
        0.006813592495000001,
        0.0070252784950000004,
        0.006908626495,
        0.007008816495,
        0.007167843495000001,
        0.007033483495000001,
        0.007349693495000002,
        0.007077911495000002,
        0.007080471495000001,
        0.007169035495000002,
        0.006979865495000001,
        0.007093299495000002,
        0.009525128495000002,
        0.007032898495000002,
