{
  "results": [
    {
      "command": "~/data/bsc/libelektra/cmake-build-relwithdebinfo/bin/benchmark_plugingetset . dir/tests/bench quickdump get",
      "mean": 6.375594160590001,
      "stddev": 0.044250938818599435,
      "user": 5.708481089999999,
      "system": 0.6499511199999999,
      "min": 6.31957196239,
      "max": 6.48518278239,
      "times": [
        6.31957196239,
        6.40703966639,
        6.43119173139,
        6.38252321639,
        6.37609320639,
        6.36439657739,
        6.435149747390001,
        6.32205864439,
        6.34366108439,
        6.36625152839,
        6.34231397939,
        6.48518278239,
        6.402753483390001,
        6.33286264239,
        6.36241411939,
        6.35374511239,
        6.34533976239,
        6.36256082339,
        6.34847167539,
        6.36078460439,
        6.36822961639,
        6.42446082039,
        6.47007039839,
        6.34136765739,
        6.341359172390001
      ]
    }
  ]
}
