{
  "results": [
    {
      "command": "~/data/bsc/libelektra/cmake-build-relwithdebinfo/bin/benchmark_plugingetset . dir/tests/bench quickdump",
      "mean": 1.260224162695,
      "stddev": 0.037152811436702175,
      "user": 0.8509518799999999,
      "system": 0.12696759,
      "min": 1.151784668095,
      "max": 1.352463629095,
      "times": [
        1.269578121095,
        1.252090648095,
        1.261185697095,
        1.284244758095,
        1.237855429095,
        1.213755880095,
        1.276678271095,
        1.352463629095,
        1.251061405095,
        1.239232325095,
        1.268463606095,
        1.240737283095,
        1.2905379640949999,
        1.223482770095,
        1.238887010095,
        1.224717924095,
        1.2817117060949998,
        1.151784668095,
        1.285421768095,
        1.304485567095,
        1.278863267095,
        1.269807441095,
        1.279412739095,
        1.277624135095,
        1.251520054095
      ]
    }
  ]
}
