{
  "results": [
    {
      "command": "~/data/bsc/libelektra/cmake-build-relwithdebinfo/bin/benchmark_plugingetset . dir/tests/bench quickdump get",
      "mean": 0.007021459011526616,
      "stddev": 0.00044382770112265824,
      "user": 0.005941329215686278,
      "system": 0.0010937429271708683,
      "min": 0.006549528695000001,
      "max": 0.011869887695000001,
      "times": [
        0.007086828695,
        0.006890135695000001,
        0.007071791695000001,
        0.006939503695,
        0.006866379695000001,
        0.006601397695,
        0.006707430695000001,
        0.006549528695000001,
        0.0068698656949999996,
        0.006714370695000001,
        0.006845500695000001,
        0.0068126336950000005,
        0.006845103695,
        0.007014458695,
        0.006942429695,
        0.006865597695,
        0.006918979695000001,
        0.007224250695,
        0.007024967695,
        0.007160652695,
        0.0068186766949999995,
        0.007143796695000001,
        0.0069115796949999996,
        0.007049110695000001,
        0.0069504376950000005,
        0.006824696695,
        0.007029947695,
        0.006913448695000001,
        0.006791558695,
        0.007111723695000001,
        0.006868521695000001,
        0.007012339695,
        0.007064519695,
        0.006924901695000001,
        0.006957031695000001,
        0.007030281695,
        0.0067514076949999995,
        0.007011594695,
        0.006832892695,
        0.0070351346950000004,
        0.007063977695000001,
        0.007043451695000001,
        0.006924535695000001,
        0.006943880695,
        0.007016180695000001,
        0.006955706695000001,
        0.0067911176949999996,
        0.0071323716950000005,
        0.006938984695000001,
        0.006893927695,
        0.006913859695,
        0.006810336695,
        0.006899322695,
        0.007103981695000001,
        0.006828479695,
        0.007117718695000001,
        0.0070609696950000005,
        0.007003782695,
        0.0069888296950000005,
        0.007248511695000001,
        0.006796640695,
        0.007217302695,
        0.006753546695000001,
        0.007590909695,
        0.007109430695,
        0.006872194695,
        0.006877317695000001,
        0.006836576695000001,
        0.006834081695000001,
        0.006981008695000001,
        0.007114710695,
        0.0070890656950000006,
        0.0070360756949999995,
        0.006862335695000001,
        0.006868925695,
        0.007150176695,
        0.006840135695000001,
        0.007111684695,
        0.0067207026950000005,
        0.006997269695000001,
        0.006994113695,
        0.006895814695,
        0.0069031196949999995,
        0.007021677695000001,
        0.006834387695000001,
        0.007003857695000001,
        0.0069313836949999996,
        0.007020480695000001,
        0.006922873695,
        0.007507204695,
        0.0070470386950000005,
        0.006936204695,
        0.006998691695,
        0.0077041616949999996,
        0.006985828695,
        0.006828419695000001,
        0.006982774695000001,
        0.006909228695,
        0.006917770695,
        0.006966446695,
        0.006842562695,
        0.007447204695000001,
        0.009395408695000001,
        0.007567716695000001,
        0.007584901695,
        0.007946588695000001,
        0.007487504695000001,
        0.010102788695,
        0.007503221695000001,
        0.0077360676949999995,
        0.007425688695,
        0.007035521695,
        0.006981738695,
        0.006850738695000001,
        0.007311273695,
        0.006969471695,
        0.006931425695,
        0.007190410695,
        0.006944053695000001,
        0.0068785216950000005,
        0.006897668695000001,
        0.006793228695,
        0.006686812695000001,
        0.006814875695,
        0.0067696956949999994,
        0.007586633695000001,
        0.006846165695,
        0.006695028695000001,
        0.006775918695000001,
        0.006742550695,
        0.006738066695000001,
        0.006802162695000001,
        0.006757627695000001,
        0.006691495695000001,
        0.006879542695000001,
        0.006756371695000001,
        0.0070867356950000005,
        0.007018270695,
        0.006795302695,
        0.006788714695,
        0.006716947695000001,
        0.0066805806950000005,
        0.006729690695,
        0.006838435695000001,
        0.007634188695,
        0.006943522695000001,
        0.006883511695,
        0.006807723695,
        0.006840592695,
        0.007019221695000001,
        0.006811974695,
        0.006980587695,
        0.007245733695000001,
        0.007010026695000001,
        0.006898954695000001,
        0.006801048695000001,
        0.006863863695,
        0.006755041695,
        0.006829052695000001,
        0.006950403695000001,
        0.007155105695,
        0.006856907695000001,
        0.006895843695000001,
        0.006942397695,
        0.007129706695,
        0.006933312695000001,
        0.006860530695,
        0.007003840695000001,
        0.007854381695,
        0.007299703695,
        0.007127761695,
        0.007029352695000001,
        0.006757418695,
        0.006870780695,
        0.007167571695,
        0.007073482695000001,
        0.007078470695,
        0.007124694695000001,
        0.006811390695000001,
        0.006892370695,
        0.006902193695000001,
        0.006836881695,
        0.006782275695000001,
        0.007152668695000001,
        0.007003754695000001,
        0.006959929695,
        0.006953615695,
        0.006807643695000001,
        0.006850787695000001,
        0.006805589695000001,
        0.006900535695,
        0.0069584086949999995,
        0.006934207695,
        0.007030574695,
        0.006877497695,
        0.006792199695000001,
        0.006723161695,
        0.006842436695000001,
        0.006825205695000001,
        0.006975561695,
        0.007514775695,
        0.006865764695,
        0.006895451695000001,
        0.006973294695,
        0.006858693695000001,
        0.006885933695000001,
        0.007113506695000001,
        0.006942037695,
        0.007057242695,
        0.007081684695,
        0.006868484695,
        0.006921676695,
        0.006648892695,
        0.006685268695,
        0.006720126695,
        0.006845181695000001,
        0.007439237695,
        0.006907073695,
        0.011869887695000001,
        0.007601261695,
        0.007129436695,
        0.007254825695,
        0.007313670695,
        0.007227002695,
        0.0068962546949999995,
        0.007052276695,
        0.007091300695,
        0.006898379695,
        0.0068083116949999994,
        0.006832020695,
        0.006945909695,
        0.007773016695000001,
        0.0069324186949999995,
        0.006997445695,
        0.007964334695,
        0.0077841126949999995,
        0.006968885695,
        0.006789355695000001,
        0.006819091695,
        0.006795788695000001,
        0.006777056695,
        0.007442885695,
        0.006948797695,
        0.006846837695,
        0.006821570695000001,
        0.006991245695,
        0.006843703695,
        0.007021037695000001,
        0.006844279695,
        0.007218926695000001,
        0.006882382695,
        0.006824530695000001,
        0.007052620695000001,
        0.006795591695,
        0.006862690695,
        0.007047131695,
        0.006947400695,
        0.007248272695,
        0.0069907576950000005,
        0.006875073695000001,
        0.0067737756949999995,
        0.006903672695,
        0.006876194695000001,
        0.006927271695000001,
        0.006876004695,
        0.006889990695000001,
        0.006977239695,
        0.006846448695,
        0.006985289695000001,
        0.006787539695000001,
        0.0067819866950000005,
        0.007034703695,
        0.006909146695,
        0.006835679695000001,
        0.006740633695,
        0.006783290695000001,
        0.006702850695,
        0.006759912695,
        0.006980721695000001,
        0.006905086695,
