{
  "results": [
    {
      "command": "~/data/bsc/libelektra/cmake-build-relwithdebinfo/bin/benchmark_plugingetset . dir/tests/bench quickdump get",
      "mean": 6.230897203689999,
      "stddev": 0.04621907567111058,
      "user": 5.580241134999999,
      "system": 0.6302060099999999,
      "min": 6.17020522505,
      "max": 6.34300025005,
      "times": [
        6.21569844405,
        6.18747918705,
        6.241801001050001,
        6.19964745905,
        6.212509611050001,
        6.2599522620500005,
        6.185050368050001,
        6.26296958405,
        6.179011482050001,
        6.193176767050001,
        6.251334147050001,
        6.20275610005,
        6.21326256005,
        6.204339117050001,
        6.214256077050001,
        6.21422327605,
        6.25290947905,
        6.298209900050001,
        6.19232399105,
        6.17020522505,
        6.277959181050001,
        6.34300025005,
        6.33675743605,
        6.25012536305,
        6.213471824050001
      ]
    }
  ]
}
