{
  "results": [
    {
      "command": "~/data/bsc/libelektra/cmake-build-relwithdebinfo/bin/benchmark_plugingetset . dir/tests/bench quickdump",
      "mean": 0.010601037304999996,
      "stddev": 0.0011136129108305236,
      "user": 0.008904554999999993,
      "system": 0.001583820703125,
      "min": 0.009838977930000001,
      "max": 0.019701588930000003,
      "times": [
        0.01041640393,
        0.01111098093,
        0.01090089093,
        0.016230910930000002,
        0.01073430793,
        0.013003241930000001,
        0.01054928393,
        0.01068883093,
        0.01062215193,
        0.01289599293,
        0.01059624693,
        0.01027889493,
        0.01104983493,
        0.01042943393,
        0.01021312093,
        0.01005975893,
        0.010021224930000001,
        0.01007768193,
        0.01017616193,
        0.01108532693,
        0.01032041293,
        0.010213065930000001,
        0.01012344993,
        0.010301482930000001,
        0.01003762893,
        0.01066095293,
        0.010570885930000001,
        0.01021096193,
        0.010337102930000001,
        0.01025877993,
        0.01106101793,
        0.01183413493,
        0.01112443593,
        0.01138682893,
        0.013130588930000001,
        0.01066389893,
        0.01106534793,
        0.010797541930000001,
        0.01039351793,
        0.009977691930000001,
        0.009838977930000001,
        0.01011520993,
        0.01008622693,
        0.01041992693,
        0.01350780193,
        0.010436976930000001,
        0.010275364930000001,
        0.010128164930000001,
        0.01030299693,
        0.010435757930000001,
        0.010496652930000001,
        0.010097517930000001,
        0.01016575393,
        0.011574393930000001,
        0.01056413993,
        0.010560437930000001,
        0.01044129893,
        0.01050277493,
        0.01042222693,
        0.01008216793,
        0.01047501693,
        0.01046041193,
        0.01032530293,
        0.01016091493,
        0.01019623693,
        0.010132464930000001,
        0.010277278930000001,
        0.01027856593,
        0.01057790093,
        0.010234454930000001,
        0.010141498930000001,
        0.01015316393,
        0.01000520593,
        0.01027581093,
        0.01077999793,
        0.017972672930000003,
        0.019701588930000003,
        0.01037062193,
        0.01057978293,
        0.01024166993,
        0.01004777593,
        0.01034597793,
        0.01015626793,
        0.01034735893,
        0.01080259893,
        0.010381038930000001,
        0.01001099093,
        0.01003927793,
        0.00997732693,
        0.01030791793,
        0.01030478293,
        0.010101841930000001,
        0.010070268930000001,
        0.009949934930000001,
        0.01011781493,
        0.010849766930000001,
        0.010427722930000001,
        0.01006796593,
        0.01009165693,
        0.010229336930000001,
        0.01032755693,
        0.01020724093,
        0.010476255930000001,
        0.01050321193,
        0.010304303930000001,
        0.010827644930000001,
        0.011300522930000001,
        0.01038193093,
        0.01044529793,
        0.01032516393,
        0.010152819930000001,
        0.01049675593,
        0.010509291930000001,
        0.01237340793,
        0.01232649693,
        0.01033071193,
        0.01016463593,
        0.01045503493,
        0.010540946930000001,
        0.01086971793,
        0.01027860893,
        0.01028209293,
        0.010096946930000001,
        0.010049020930000001,
        0.01019647293,
        0.01015228093,
        0.01062546393,
        0.010395410930000001,
        0.01027207793,
        0.010151672930000001,
        0.010167383930000001,
        0.010215124930000001,
        0.01047257993,
        0.01037538793,
        0.009947907930000001,
        0.01029952393,
        0.010251582930000001,
        0.01043679693,
        0.01045584893,
        0.01046245493,
        0.01031053193,
        0.01023883693,
        0.01016201693,
        0.01045672093,
        0.01034291593,
        0.010387362930000001,
        0.010316244930000001,
        0.010280492930000001,
        0.01045000393,
        0.01044133193,
        0.01046067893,
        0.01001571593,
        0.01020685893,
        0.01025301493,
        0.01016624793,
        0.01045307593,
        0.01060748293,
        0.010507231930000001,
        0.01037846393,
        0.010608360930000001,
        0.01030601893,
        0.010387125930000001,
        0.01070568293,
        0.010227035930000001,
        0.01022737293,
        0.010143686930000001,
        0.01022197293,
        0.01035134593,
        0.01082270593,
        0.010662740930000001,
        0.01018968393,
        0.010514330930000001,
        0.01020722393,
        0.01046354793,
        0.01040074793,
        0.01021254393,
        0.010160145930000001,
        0.01014686893,
        0.01016235993,
        0.01037690693,
        0.01034060193,
        0.010472006930000001,
        0.010152268930000001,
        0.010203751930000001,
        0.01015774793,
        0.01020655493,
        0.01043347593,
        0.010347329930000001,
        0.01034689593,
        0.01026984693,
        0.010383134930000001,
        0.01017535793,
        0.010645823930000001,
        0.01035694293,
        0.01013570593,
        0.010084673930000001,
        0.010209195930000001,
        0.010342194930000001,
        0.011044128930000001,
        0.01106262193,
        0.010876480930000001,
        0.012449520930000001,
        0.01053474293,
        0.011476559930000001,
        0.01104214293,
        0.010877301930000001,
        0.010436650930000001,
        0.01056279593,
        0.01019610393,
        0.01125312593,
        0.013466119930000001,
        0.010236685930000001,
        0.01036845493,
        0.01032757993,
        0.01026721993,
        0.010414176930000001,
        0.010576781930000001,
        0.01039857093,
        0.010125827930000001,
        0.01030950293,
        0.010263232930000001,
        0.01025552493,
        0.017696437930000003,
        0.01034763793,
        0.01027913893,
        0.01017960493,
        0.01009726593,
        0.010260615930000001,
        0.01032969993,
        0.01008566793,
        0.010030996930000001,
        0.010226079930000001,
        0.01022526093,
        0.01364237993,
        0.01016974893,
        0.01013889393,
        0.01000112893,
        0.01010760393,
        0.01001315793,
        0.010223443930000001,
        0.010498985930000001,
        0.01032598493,
        0.010024398930000001,
        0.010257142930000001,
        0.01012552393,
        0.010273947930000001,
        0.01041650793,
        0.01027458493,
        0.01035672193,
        0.01024792693,
        0.01032616393,
        0.01044806793,
        0.01079843093,
        0.01380074193,
        0.01047773593,
        0.01020194493
      ]
    }
  ]
}
