{
  "results": [
    {
      "command": "~/data/bsc/libelektra/cmake-build-relwithdebinfo/bin/benchmark_plugingetset . dir/tests/bench quickdump get",
      "mean": 0.628773515505,
      "stddev": 0.021758409647858305,
      "user": 0.5641106600000001,
      "system": 0.062284775,
      "min": 0.6150588383050001,
      "max": 0.7007781913050001,
      "times": [
        0.627647572305,
        0.631131208305,
        0.621475518305,
        0.6199108023050001,
        0.635708254305,
        0.616994076305,
        0.7007781913050001,
        0.6974437063050001,
        0.6167427843050001,
        0.6178776343050001,
        0.628746489305,
        0.620533460305,
        0.620562889305,
        0.6225041413050001,
        0.621570501305,
        0.627816728305,
        0.6151629753050001,
        0.6233232683050001,
        0.618669157305,
        0.621221738305,
        0.624482863305,
        0.6150588383050001,
        0.622432875305,
        0.627620685305,
        0.623921528305
      ]
    }
  ]
}
