{
  "results": [
    {
      "command": "~/data/bsc/libelektra/cmake-build-relwithdebinfo/bin/benchmark_plugingetset . dir/tests/bench quickdump",
      "mean": 1.1472588229900003,
      "stddev": 0.02867705069568938,
      "user": 0.839953715,
      "system": 0.105598255,
      "min": 1.05082889223,
      "max": 1.20179147923,
      "times": [
        1.13353414223,
        1.13950021823,
        1.12838066823,
        1.15040620023,
        1.14693212923,
        1.13842637323,
        1.15281848223,
        1.1580925852300001,
        1.16265278923,
        1.14254393523,
        1.1456435762300001,
        1.12546862623,
        1.17130804723,
        1.16397803023,
        1.14218936923,
        1.17941051423,
        1.20179147923,
        1.19474623323,
        1.14623699223,
        1.15470288123,
        1.05082889223,
        1.14614123923,
        1.1405704352300001,
        1.15688332023,
        1.10828341523
      ]
    }
  ]
}
