{
  "results": [
    {
      "command": "~/data/bsc/libelektra/cmake-build-relwithdebinfo/bin/benchmark_plugingetset . dir/tests/bench quickdump",
      "mean": 0.0011736238557142867,
      "stddev": 0.002883568078521631,
      "user": 0.0005130022448979589,
      "system": 0.000954017704081633,
      "min": 0.0006524875700000005,
      "max": 0.029137068570000004,
      "times": [
        0.029137068570000004,
        0.0011389855700000007,
        0.0007690785700000006,
        0.0007752745700000006,
        0.0007750835700000005,
        0.0007244335700000008,
        0.0006741355700000005,
        0.0007880905700000007,
        0.0007793985700000005,
        0.0019754405700000005,
        0.0007973505700000008,
        0.002119203570000001,
        0.0007703365700000007,
        0.0007851705700000007,
        0.0008415595700000007,
        0.0007298435700000007,
        0.0007536495700000007,
        0.0007017565700000008,
        0.0007160935700000004,
        0.0007200255700000008,
        0.0007274415700000004,
        0.0007234515700000007,
        0.0010450235700000007,
        0.0007750075700000006,
        0.0007220175700000005,
        0.0019624255700000006,
        0.0007070205700000008,
        0.0007069075700000004,
        0.0007426275700000008,
        0.0008675485700000004,
        0.0007729345700000006,
        0.0007851415700000008,
        0.0007636095700000005,
        0.0008160835700000008,
        0.0007355165700000006,
        0.0007386215700000004,
        0.0008234195700000005,
        0.0007727155700000005,
        0.0007072695700000007,
        0.0007563825700000006,
        0.0007423355700000005,
        0.0007254305700000008,
        0.0007375605700000007,
        0.0007034975700000007,
        0.0007958325700000005,
        0.0007855615700000005,
        0.0007317475700000008,
        0.0007051525700000004,
        0.0006992515700000005,
        0.0007123855700000006,
        0.0006524875700000005,
        0.0006723725700000006,
        0.0007104855700000006,
        0.0007283875700000008,
        0.0007433685700000007,
        0.0007326335700000007,
        0.0007173985700000005,
        0.0007136475700000007,
        0.0007130945700000008,
        0.0007232385700000005,
        0.0007104435700000006,
        0.0007796345700000007,
        0.0007575505700000004,
        0.0017975195700000008,
        0.0007627195700000006,
        0.0007754105700000006,
        0.0007457645700000006,
        0.0007408875700000007,
        0.0007175375700000006,
        0.0007782815700000008,
        0.0007151375700000006,
        0.0007188375700000007,
        0.0007479165700000007,
        0.0007292825700000007,
        0.0007255335700000008,
        0.0007610825700000005,
        0.0007346215700000007,
        0.0007125425700000008,
        0.0006933725700000006,
        0.0006820755700000006,
        0.0007392365700000006,
        0.0007376675700000008,
        0.0007189575700000004,
        0.0009055385700000008,
        0.0007471985700000005,
        0.0009547375700000005,
        0.002232070570000001,
        0.002920515570000001,
        0.0027868565700000006,
        0.0010527825700000007,
        0.0011391925700000006,
        0.0014682095700000006,
        0.0009833895700000006,
        0.0008912225700000004,
        0.0008621035700000007,
        0.0009370665700000006,
        0.0008520515700000007,
        0.0007311715700000004
      ]
    }
  ]
}
