{
  "results": [
    {
      "command": "~/data/bsc/libelektra/cmake-build-relwithdebinfo/bin/benchmark_plugingetset . dir/tests/bench quickdump",
      "mean": 11.508212930955,
      "stddev": 0.2624205578591787,
      "user": 8.424858239999999,
      "system": 1.0247494650000002,
      "min": 10.678827517115,
      "max": 12.069505574115,
      "times": [
        11.612623893115,
        11.484825309115,
        11.605304550115,
        11.580587624115,
        11.703198663115,
        11.538048763114999,
        11.728005253114999,
        11.506584267114999,
        11.494950629115,
        11.346048547115,
        11.384171977114999,
        10.957087902115,
        11.667839623115,
        11.813601310114999,
        11.611526762115,
        11.362653872114999,
        11.521869491115,
        11.445585199115,
        12.069505574115,
        11.645159036114999,
        11.551697167115,
        11.512592369115,
        11.499014236115,
        10.678827517115,
        11.384013738115
      ]
    }
  ]
}
