{
  "results": [
    {
      "command": "/home/klemens/data/bsc/libelektra/build-ninja/bin/benchmark_plugingetset /home/klemens/bench dir/tests/bench dump",
      "mean": 1.6830195167300004,
      "stddev": 0.022211350197219138,
      "user": 1.5958043149999996,
      "system": 0.08236853000000002,
      "min": 1.6604374543300002,
      "max": 1.7341075473300003,
      "times": [
        1.6604374543300002,
        1.6799278593300002,
        1.6648476783300001,
        1.67226613233,
        1.7151486013300001,
        1.6712678793300002,
        1.6625567933300003,
        1.6799783663300003,
        1.6674965323300002,
        1.66254221333,
        1.7298090473300003,
        1.72178782833,
        1.67801757333,
        1.6895970073300002,
        1.7341075473300003,
        1.6825875463300002,
        1.66561851733,
        1.6673465693300002,
        1.68187177733,
        1.68857125033,
        1.66639286933,
        1.6753218863300001,
        1.66572517133,
        1.71465660533,
        1.6776072113300002
      ]
    },
    {
      "command": "/home/klemens/data/bsc/libelektra/build-ninja/bin/benchmark_plugingetset /home/klemens/bench dir/tests/bench quickdump",
      "mean": 0.8515652899699998,
      "stddev": 0.004837081164377065,
      "user": 0.770984915,
      "system": 0.07737221,
      "min": 0.84538097433,
      "max": 0.86363818633,
      "times": [
        0.85368631733,
        0.84865718833,
        0.84650987433,
        0.84582534333,
        0.86363818633,
        0.8505770233300001,
        0.8545716763300001,
        0.8559563373300001,
        0.84538097433,
        0.85598419633,
        0.8487984043300001,
        0.8534040113300001,
        0.85189636533,
        0.84714739633,
        0.8592382993300001,
        0.8607963163300001,
        0.8520539003300001,
        0.8507629263300001,
        0.84718200733,
        0.8498372673300001,
        0.85436925733,
        0.8501952393300001,
        0.8471944653300001,
        0.8469507273300001,
        0.8485185483300001
      ]
    }
  ]
}
