{
  "results": [
    {
      "command": "/home/klemens/data/bsc/libelektra/build-ninja/bin/benchmark_plugingetset /home/klemens/bench dir/tests/bench dump",
      "mean": 0.07709383281709677,
      "stddev": 0.003014079365676621,
      "user": 0.04837565709677418,
      "system": 0.028455679999999997,
      "min": 0.07469618843,
      "max": 0.08841954943000001,
      "times": [
        0.08841954943000001,
        0.08045483343000001,
        0.08202367643000001,
        0.07498759543000001,
        0.07726691043000002,
        0.07517246243,
        0.07750031843,
        0.07627050343000001,
        0.08246185643000001,
        0.07652564843000001,
        0.07550661143000001,
        0.07659819943000001,
        0.07532191843000001,
        0.07532832343000001,
        0.07469618843,
        0.07770131843000001,
        0.07470114043000001,
        0.07549519743000001,
        0.07507875743,
        0.07523974543,
        0.07597655643000001,
        0.07628322343,
        0.07663603043000002,
        0.07490614243,
        0.07545482243000001,
        0.08005127743000001,
        0.07514011343,
        0.07589828543,
        0.07480107843000001,
        0.08032189943000001,
        0.07768863343000001
      ]
    },
    {
      "command": "/home/klemens/data/bsc/libelektra/build-ninja/bin/benchmark_plugingetset /home/klemens/bench dir/tests/bench quickdump",
      "mean": 0.01273760525840237,
      "stddev": 0.0008034671189080291,
      "user": 0.011025222662721892,
      "system": 0.0016586156213017744,
      "min": 0.012525318430000001,
      "max": 0.021759881430000003,
      "times": [
        0.012741463430000002,
        0.012681755430000002,
        0.012681580430000002,
        0.012660087430000001,
        0.012705370430000001,
        0.012726148430000002,
        0.012586279430000001,
        0.012730717430000002,
        0.012552205430000001,
        0.012540665430000002,
        0.012579077430000002,
        0.012526206430000002,
        0.012590686430000001,
        0.012569735430000001,
        0.012544808430000002,
        0.012530105430000002,
        0.012538332430000002,
        0.012525318430000001,
        0.012551856430000001,
        0.01254280343,
        0.012551177430000001,
        0.01256870143,
        0.012540689430000002,
        0.012576124430000002,
        0.012574433430000002,
        0.012548708430000001,
        0.012598154430000001,
        0.012545484430000002,
        0.012591678430000001,
        0.012535575430000001,
        0.012587378430000002,
        0.012558477430000001,
        0.012558173430000001,
        0.012553281430000002,
        0.012551247430000002,
        0.012632125430000002,
        0.012756616430000001,
        0.012686613430000002,
        0.012692907430000002,
        0.012719017430000002,
        0.012590883430000002,
        0.012623824430000001,
        0.012760349430000002,
        0.012680034430000002,
        0.012599031430000001,
        0.012616056430000001,
        0.012701346430000001,
        0.012899507430000002,
        0.01268451643,
        0.012648544430000002,
        0.012609432430000001,
        0.012662815430000002,
        0.012561222430000001,
        0.012572330430000002,
        0.012583719430000001,
        0.012583101430000002,
        0.012636066430000002,
        0.012566844430000002,
        0.012632004430000001,
        0.012547398430000002,
        0.012606284430000001,
        0.012598335430000001,
        0.012786967430000002,
        0.012684527430000002,
        0.012671531430000002,
        0.012623770430000002,
        0.012588170430000002,
        0.012558257430000002,
        0.012669361430000001,
        0.012653329430000002,
        0.012755901430000001,
        0.01260043243,
        0.01260567943,
        0.012588206430000002,
        0.012651410430000001,
        0.012732909430000001,
        0.012591776430000002,
        0.012676234430000002,
        0.012648509430000001,
        0.012668635430000002,
        0.012554152430000002,
        0.012722802430000001,
        0.012565553430000001,
        0.012638110430000002,
        0.012613509430000001,
        0.012564303430000002,
        0.012575174430000002,
        0.012681378430000001,
        0.012705601430000001,
        0.012595534430000001,
        0.012610545430000002,
        0.012618126430000001,
        0.01264225843,
        0.012657153430000002,
        0.012603768430000002,
        0.012611643430000001,
        0.012728135430000002,
        0.012577574430000002,
        0.01261441943,
        0.012745583430000002,
        0.012641399430000002,
        0.012612662430000001,
        0.012588800430000002,
        0.01254042743,
        0.012606648430000002,
        0.012587393430000001,
        0.012646581430000001,
        0.012635223430000002,
        0.012593184430000001,
        0.012618095430000002,
        0.012614506430000002,
        0.012585770430000002,
        0.012616016430000002,
        0.012615780430000001,
        0.012635992430000001,
        0.012606713430000001,
        0.012626932430000001,
        0.012574006430000001,
        0.012707987430000001,
        0.012658587430000002,
        0.012614076430000001,
        0.012615221430000002,
        0.012583367430000002,
        0.012576177430000002,
        0.012668539430000002,
        0.012703515430000001,
        0.012689104430000002,
        0.012640727430000002,
        0.01261693743,
        0.012682015430000002,
        0.012633293430000001,
        0.012659710430000002,
        0.01262203943,
        0.012621121430000002,
        0.012622551430000002,
        0.012622096430000002,
        0.012615410430000001,
        0.012651264430000001,
        0.01265122943,
        0.012608641430000001,
        0.012815243430000001,
        0.01713255643,
        0.012735521430000002,
        0.012664771430000001,
        0.013299031430000002,
        0.013130607430000002,
        0.012799735430000002,
        0.012943506430000001,
        0.012896768430000002,
        0.012950202430000002,
        0.021759881430000003,
        0.013189071430000001,
        0.01481124143,
        0.012761464430000001,
        0.012857141430000002,
        0.012624265430000002,
        0.012530310430000002,
        0.01262880543,
        0.012566221430000002,
        0.012578379430000002,
        0.012737423430000002,
        0.012646953430000002,
        0.012595138430000001,
        0.012579997430000002,
        0.012649112430000001,
        0.012536893430000001,
        0.01259256243,
        0.012574560430000001,
        0.012681812430000002
      ]
    }
  ]
}
