{
  "results": [
    {
      "command": "/home/klemens/data/bsc/libelektra/build-ninja/bin/benchmark_plugingetset /home/klemens/bench dir/tests/bench dump",
      "mean": 10.787655465410003,
      "stddev": 4.256428892275405,
      "user": 7.848541124999998,
      "system": 2.90782864,
      "min": 7.54855144965,
      "max": 18.76007174365,
      "times": [
        18.65507858765,
        7.76730521965,
        7.783390552649999,
        7.85118896165,
        14.80333290165,
        18.76007174365,
        17.88875120965,
        7.86634045565,
        17.07976219865,
        7.67748377565,
        14.057828296650001,
        18.19245267065,
        11.627450933650001,
        11.659959594650001,
        7.81646142065,
        7.67941207165,
        7.74654066865,
        7.90148168365,
        8.66007004865,
        7.73488888565,
        10.11819941265,
        7.54855144965,
        7.58814588165,
        7.55858140765,
        7.66865660265
      ]
    },
    {
      "command": "/home/klemens/data/bsc/libelektra/build-ninja/bin/benchmark_plugingetset /home/klemens/bench dir/tests/bench quickdump",
      "mean": 1.2640415628900004,
      "stddev": 0.006190644678517195,
      "user": 1.126306685,
      "system": 0.13129932,
      "min": 1.2551337136500003,
      "max": 1.2785097256500002,
      "times": [
        1.2681775106500002,
        1.26464061865,
        1.2742881726500002,
        1.2698600176500001,
        1.25802960165,
        1.26442175765,
        1.2602827086500001,
        1.2714413166500003,
        1.2685701476500002,
        1.25738899965,
        1.25627756065,
        1.2638424496500003,
        1.2551337136500003,
        1.2624115226500001,
        1.2703839606500003,
        1.2584127606500002,
        1.25700305365,
        1.26207544265,
        1.25795616665,
        1.2704260846500002,
        1.2625431796500002,
        1.2661780186500002,
        1.2643853426500002,
        1.25839923865,
        1.2785097256500002
      ]
    }
  ]
}
