{
  "results": [
    {
      "command": "/home/klemens/data/bsc/libelektra/build-ninja/bin/benchmark_plugingetset /home/klemens/bench dir/tests/bench dump",
      "mean": 17.18144411578,
      "stddev": 0.22014085147248247,
      "user": 16.345070324999995,
      "system": 0.7858987099999999,
      "min": 16.94950251934,
      "max": 17.784158241340002,
      "times": [
        17.06277623734,
        17.11056854034,
        17.09120206934,
        17.48690506134,
        17.06299373634,
        17.09632073734,
        17.12478439234,
        17.784158241340002,
        17.11889190034,
        17.17749495034,
        17.054189295340002,
        17.09778907034,
        17.071448086340002,
        17.14687154034,
        16.94950251934,
        17.03899880934,
        17.693463078340002,
        17.09868881834,
        17.65449408634,
        17.03709773834,
        17.12725069634,
        17.065446246340002,
        17.15185801634,
        17.13813341934,
        17.09477560734
      ]
    },
    {
      "command": "/home/klemens/data/bsc/libelektra/build-ninja/bin/benchmark_plugingetset /home/klemens/bench dir/tests/bench quickdump",
      "mean": 8.88087377166,
      "stddev": 0.034480278648980026,
      "user": 8.130766925,
      "system": 0.7233476699999999,
      "min": 8.81431296234,
      "max": 8.92763693234,
      "times": [
        8.89824642634,
        8.89866943734,
        8.81431296234,
        8.888047846340001,
        8.91922230634,
        8.875276940340001,
        8.897153350340002,
        8.91119774334,
        8.91223469134,
        8.89240481334,
        8.897877256340001,
        8.89496578634,
        8.86660777934,
        8.92763693234,
        8.82114829834,
        8.876032808340002,
        8.872445500340001,
        8.864285998340002,
        8.92139182434,
        8.86097647134,
        8.841988892340002,
        8.82614282734,
        8.817149760340001,
        8.90554348534,
        8.920884153340001
      ]
    }
  ]
}
