{
  "results": [
    {
      "command": "/home/klemens/data/bsc/libelektra/build-ninja/bin/benchmark_plugingetset /home/klemens/bench dir/tests/bench dump",
      "mean": 0.01798577513500001,
      "stddev": 0.00025945961203096624,
      "user": 0.016531429090909086,
      "system": 0.00142970909090909,
      "min": 0.017699951635000002,
      "max": 0.018667487635,
      "times": [
        0.017966571635,
        0.017788250635000002,
        0.018221468635,
        0.017965214635,
        0.017994005635,
        0.017824574635000003,
        0.018146523635,
        0.017836293635000004,
        0.017840943635000002,
        0.018085557635000003,
        0.017745178635,
        0.017743144635000003,
        0.017803824635000003,
        0.017994363635000003,
        0.018406321635000004,
        0.017764978635,
        0.017721560635,
        0.018536862635,
        0.017740562635000002,
        0.018558712635000002,
        0.017873079635,
        0.017779585635,
        0.017793040635000004,
        0.018456374635,
        0.017723251635000003,
        0.017787204635,
        0.018368728635,
        0.017846176635000002,
        0.018301619635000002,
        0.017843337635,
        0.017699951635000002,
        0.017902334635000003,
        0.017803884635000003,
        0.018118041635000002,
        0.017797565635000002,
        0.017844485635,
        0.017846376635,
        0.018353267635000003,
        0.017779985635000002,
        0.018148295635000002,
        0.017739902635000002,
        0.018297891635,
        0.017876475635000003,
        0.017731022635000003,
        0.017769659635,
        0.017740202635,
        0.017814189635,
        0.018220393635000002,
        0.017827168635,
        0.017910630635,
        0.017891555635,
        0.018494071635,
        0.017907183635,
        0.017925720635000003,
        0.017740991635,
        0.017779581635000003,
        0.017783868635000002,
        0.018371352635,
        0.017755207635000003,
        0.018444666635000002,
        0.018545015635000002,
        0.018485388635000002,
        0.017924160635000002,
        0.018429275635000002,
        0.017756805635,
        0.018249321635000003,
        0.018241540635,
        0.017753346635000004,
        0.017808073635,
        0.018316191635000003,
        0.018330386635,
        0.017805150635000003,
        0.017826708635,
        0.018387450635000004,
        0.018667487635,
        0.017719262635000003,
        0.017895774635000004,
        0.018388377635,
        0.017800523635000003,
        0.017706736635,
        0.017846777635,
        0.017835495635,
        0.017796356635000003,
        0.018196617635000002,
        0.018032954635,
        0.017798663635000003,
        0.017837641635000002,
        0.017903943635000003,
        0.018021705635000003,
        0.017743173635,
        0.017787487635,
        0.017792328635000004,
        0.017727480635,
        0.018397348635,
        0.017769105635,
        0.017853235635000003,
        0.018284326635,
        0.017785253635,
        0.017860369635,
        0.017762738635,
        0.017762963635000004,
        0.018396087635000002,
        0.018424554635000003,
        0.017761430635000002,
        0.017839187635000003,
        0.018336203635000003,
        0.017821705635,
        0.017999589635,
        0.017895368635000002,
        0.017726006635000003,
        0.017835891635000004,
        0.017913963635000002,
        0.017752976635,
        0.018402543635,
        0.017756394635000002,
        0.018405368635000002,
        0.018476866635000002,
        0.018054712635,
        0.018267294635,
        0.017724812635000003,
        0.018026675635000003,
        0.018009993635000002,
        0.017914249635,
        0.017837288635000004,
        0.017911459635,
        0.017912350635,
        0.017888552635000003,
        0.017837932635,
        0.017757311635000002,
        0.017977759635000003,
        0.018364140635,
        0.018287452635000003
      ]
    },
    {
      "command": "/home/klemens/data/bsc/libelektra/build-ninja/bin/benchmark_plugingetset /home/klemens/bench dir/tests/bench quickdump",
      "mean": 0.008637115217959642,
      "stddev": 0.0008226913876687725,
      "user": 0.007499400044843041,
      "system": 0.0011981648654708521,
      "min": 0.008420990635,
      "max": 0.016081367635000003,